Kategorie;Firmennummer;Firma;VE;Liegenschaft;Sachbearbeiter
Firmen;1;Gregor Deurer GmbH & Co. KG;10100;Sonnengrün - Fritz-Wendel-Str.;RM
Firmen;1;Gregor Deurer GmbH & Co. KG;10110;Im Anger 7+9;AV
Firmen;1;Gregor Deurer GmbH & Co. KG;10120;Gersthofen 1;RM
Firmen;1;Gregor Deurer GmbH & Co. KG;10150;Lettenbach;AV
Firmen;1;Gregor Deurer GmbH & Co. KG;10160;Poststraße 11, Haunstetten;CB/SM
Firmen;1;Gregor Deurer GmbH & Co. KG;10170;Rathauspark;AV
Firmen;1;Gregor Deurer GmbH & Co. KG;10180;Georgenstraße;AV
Firmen;1;Gregor Deurer GmbH & Co. KG;10190;WA Park-Juwel;RM
Firmen;1;Gregor Deurer GmbH & Co. KG;10200;Bismarkstraße;KW
Firmen;1;Gregor Deurer GmbH & Co. KG;10210;Leitershoferstr. 104;KW
Firmen;1;Gregor Deurer GmbH & Co. KG;10270;Alfonsstraße 22, Kazböckstr.;TG
Firmen;1;Gregor Deurer GmbH & Co. KG;10280;Horgau, BHKW;CB
Firmen;1;Gregor Deurer GmbH & Co. KG;10290;DON, Mieterstrom;CB
Firmen;11;Sonderbilanz Gregor Deurer GmbH & Co. KG;10130;Stadtberger Straße 59 + 61;RM
Firmen;11;Sonderbilanz Gregor Deurer GmbH & Co. KG;10140;Graf-Bothmer-Str., Stb. 71-75;KW
Firmen;11;Sonderbilanz Gregor Deurer GmbH & Co. KG;10250;Stadtberger Straße 63;RM
Firmen;11;Sonderbilanz Gregor Deurer GmbH & Co. KG;10290;Stadtberger Str. 65 a,b;AV
Firmen;11;Sonderbilanz Gregor Deurer GmbH & Co. KG;10680;Stadtberger Str. 72 a,b;KW
Firmen;2;Dr. Markus Deurer, Vermietungen;20100;Stadtberger Str. 64;CB/SM
Firmen;2;Dr. Markus Deurer, Vermietungen;20240;Grasserstraße;CB
Firmen;2;Dr. Markus Deurer, Vermietungen;20260;Stadtberger Str. 71 a,b,c, 1.BA;AV
Firmen;2;Dr. Markus Deurer, Vermietungen;20280;Stadtberger Str. 67 a,b, 2.BA;AV
Firmen;2;Dr. Markus Deurer, Vermietungen;20300;Stadtberger Str. 63 b,c;AV
Firmen;2;Dr. Markus Deurer, Vermietungen;20510;Im Anger 7 + 9;AV
Firmen;2;Dr. Markus Deurer, Vermietungen;20520;Gersthofen 1;RM
Firmen;2;Dr. Markus Deurer, Vermietungen;20530;Uhland-/Alfonsstraße;CB
Firmen;2;Dr. Markus Deurer, Vermietungen;20540;Herrenbach;KW/NN
Firmen;2;Dr. Markus Deurer, Vermietungen;20550;Königsbrunn;AV/NN
Firmen;2;Dr. Markus Deurer, Vermietungen;20560;Leitershofer Straße 106 b;BS
Firmen;2;Dr. Markus Deurer, Vermietungen;20570;Stadtberger Straße 74;RM
Firmen;2;Dr. Markus Deurer, Vermietungen;20580;Leonh.-Hausm.-Str. 29;SSc/AV
Firmen;2;Dr. Markus Deurer, Vermietungen;20590;Leonh.-Hausm.-Str. 31;SSc/AV
Firmen;2;Dr. Markus Deurer, Vermietungen;20600;Dinglerstraße 5;KW
Firmen;2;Dr. Markus Deurer, Vermietungen;20610;Uhlandstraße 24;TG
Firmen;2;Dr. Markus Deurer, Vermietungen;20620;Törlenstraße, Garmisch;BS
Firmen;2;Dr. Markus Deurer, Vermietungen;20630;Am Eulenhorst 9c;BS
Firmen;2;Dr. Markus Deurer, Vermietungen;20640;Peutinger Straße 22;KW
Firmen;2;Dr. Markus Deurer, Vermietungen;20650;Seestraße, Schondorf;BS
Firmen;2;Dr. Markus Deurer, Vermietungen;20660;Stadtberger Str. 57;RM
Firmen;2;Dr. Markus Deurer, Vermietungen;20670;Rathauspark;AV
Firmen;2;Dr. Markus Deurer, Vermietungen;20700;Lettenbach;AV
Firmen;2;Dr. Markus Deurer, Vermietungen;20720;Stadtberger Str. 80 ½, ⅓;RM
Firmen;2;Dr. Markus Deurer, Vermietungen;20730;Körnerstr. 30;KW
Firmen;2;Dr. Markus Deurer, Vermietungen;20740;Gersthofen 2, Berliner Straße;RM
Firmen;2;Dr. Markus Deurer, Vermietungen;20750;Gustav-Heinemann-Str. 4, 6, 8;CB
Firmen;2;Dr. Markus Deurer, Vermietungen;20760;Stadtberger Str. 63 a;AV
Firmen;2;Dr. Markus Deurer, Vermietungen;20790;Siegfried-Aufhäuser-Str. 3, 5, 7;RM
Firmen;2;Dr. Markus Deurer, Vermietungen;20800;Otto-Schalk-Str. 4, 4a, 4b;RM
Firmen;2;Dr. Markus Deurer, Vermietungen;20810;Paul-Heyse-Str. 4;KW
Firmen;2;Dr. Markus Deurer, Vermietungen;20820;Stadtberger Str. 62;CB/SM
Firmen;2;Dr. Markus Deurer, Vermietungen;20830;Lindenpark, Willi-Weise-Str. 6, 6a, 8, Otto-Sauler-Str. 27;KW
Firmen;2;Dr. Markus Deurer, Vermietungen;20840;Reese 1, Familie-Einstein-Str.;TG
Firmen;2;Dr. Markus Deurer, Vermietungen;20850;Deutschenbaurstr. 1;RM
Firmen;2;Dr. Markus Deurer, Vermietungen;20860;Reese 2, Annegert-Fuchshuber-W. Reeseallee;TG
Firmen;2;Dr. Markus Deurer, Vermietungen;20870;Harfenklang München;BS
Firmen;2;Dr. Markus Deurer, Vermietungen;20880;Stadtberger Str. 67, 69;CB/SM
Firmen;2;Dr. Markus Deurer, Vermietungen;20890;Stadtberger Str. 51, 59a;KW
Firmen;2;Dr. Markus Deurer, Vermietungen;20900;Horgau Lebenswiese 1.BA;BS
Firmen;2;Dr. Markus Deurer, Vermietungen;20910;Guttenbrunnstr. 22;CB/SM
Firmen;2;Dr. Markus Deurer, Vermietungen;20920;Horgau 2, Gartenweg;CB
Firmen;2;Dr. Markus Deurer, Vermietungen;20930;Irma-Uhrbach-Str., München (Demos);BS
Firmen;2;Dr. Markus Deurer, Vermietungen;20950;Zauberwald Mchn. Lochhausen;BS
Firmen;2;Dr. Markus Deurer, Vermietungen;20960;Donauwörth Hoch der Donau;BS
Firmen;2;Dr. Markus Deurer, Vermietungen;20970;Stadtberger Str. 80;RM
Firmen;2;Dr. Markus Deurer, Vermietungen;20980;Schwabmünchen;CB
Projekte;80000;Projekte Dr. Markus Deurer;80410;Donauwörth Hoch der Donau;CB
Projekte;80000;Projekte Dr. Markus Deurer;80420;Schwabmünchen;CB
